{
    "drive": {
        "mean": [
            0.497429758310318,
            0.2706644535064697,
            0.16217255592346191
        ],
        "std": [
            0.331650048494339,
            0.17835408449172974,
            0.09872566163539886
        ]
    }
}