{
    "DRIVE": {
        "mean": [
            0.43008124828338623,
            0.1420290619134903,
            0.054625432938337326
        ],
        "std": [
            0.3244638442993164,
            0.11674251407384872,
            0.04332775995135307
        ]
    },
    "STARE": {
        "mean": [
            0.5125609636306763,
            0.1836031824350357,
            0.034626834094524384
        ],
        "std": [
            0.3386557400226593,
            0.13652539253234863,
            0.035224735736846924
        ]
    },
    "ARIA": {
        "mean": [
            0.4165084958076477,
            0.08868498355150223,
            0.014052552171051502
        ],
        "std": [
            0.26080289483070374,
            0.08337574452161789,
            0.013446357101202011
        ]
    }
}