{
    "DRIVE": {
        "mean": [
            0.5214606523513794,
            0.2731574475765228,
            0.16046759486198425
        ],
        "std": [
            0.3482685983181,
            0.18110238015651703,
            0.09791450202465057
        ]
    },
    "STARE": {
        "mean": [
            0.49756091833114624,
            0.2043704390525818,
            0.07788308709859848
        ],
        "std": [
            0.32745978236198425,
            0.12573818862438202,
            0.05229689180850983
        ]
    },
    "ARIA": {
        "mean": [
            0.49226829409599304,
            0.1572721004486084,
            0.038883280009031296
        ],
        "std": [
            0.26533710956573486,
            0.10966624319553375,
            0.02550682984292507
        ]
    }
}