{
    "DRIVE": {
        "mean": [
            0.5214606523513794,
            0.2731574475765228,
            0.16046759486198425
        ],
        "std": [
            0.3482685983181,
            0.18110238015651703,
            0.09791450202465057
        ]
    },
    "STARE": {
        "mean": [
            0.49756091833114624,
            0.2043704390525818,
            0.07788308709859848
        ],
        "std": [
            0.32745978236198425,
            0.12573818862438202,
            0.05229689180850983
        ]
    },
    "ARIA": {
        "mean": [
            0.4165084958076477,
            0.08868498355150223,
            0.014052552171051502
        ],
        "std": [
            0.26080289483070374,
            0.08337574452161789,
            0.013446357101202011
        ]
    }
}