{
    "DRIVE": {
        "mean": [
            0.5214606523513794,
            0.2731574475765228,
            0.16046759486198425
        ],
        "std": [
            0.3482685983181,
            0.18110238015651703,
            0.09791450202465057
        ]
    },
    "STARE": {
        "mean": [
            0.6017094850540161,
            0.33308035135269165,
            0.11061160266399384
        ],
        "std": [
            0.3431920111179352,
            0.18024860322475433,
            0.07213236391544342
        ]
    }
}